Mobile Name,Rating,Number of Ratings,Storage,Screen,Camera,Battery,Type of Processor,Price
,,,,,,,,
"Redmi K20 Pro (Flame Red, 128 GB)",4.5,"57,285  ",6 GB RAM | 128 GB ROM,16.23 cm (6.39 inch) Full HD+ Display,48MP + 13MP + 8MP | 20MP Front Camera,4000 mAh Li-polymer Battery,Qualcomm Snapdragon 855 Processor,"Rs.26,999"
,,,,,,,,
"Mi Mix 2 (Black, 128 GB)",4.4,"4,509  ",6 GB RAM | 128 GB ROM,15.21 cm (5.99 inch) Full HD+ Display,12MP Rear Camera | 5MP Front Camera,3400 mAh Li-polymer Battery,Qualcomm Snapdragon 835 Octa Core 2.5 GHz Processor,"Rs.19,999"
,,,,,,,,
"Redmi K20 Pro (Carbon Black, 128 GB)",4.5,"57,285  ",6 GB RAM | 128 GB ROM,16.23 cm (6.39 inch) Full HD+ Display,48MP + 13MP + 8MP | 20MP Front Camera,4000 mAh Li-polymer Battery,Qualcomm Snapdragon 855 Processor,"Rs.26,999"
,,,,,,,,
"Mi A3 (More Than White, 64 GB)",4.3,"30,917  ",4 GB RAM | 64 GB ROM | Expandable Upto 256 GB,15.46 cm (6.088 inch) HD+ Display,48MP + 8MP + 2MP | 32MP Front Camera,4030 mAh Battery,Qualcomm Snapdragon 665 Processor,"Rs.13,999"
,,,,,,,,
"Redmi K20 Pro (Pearl White, 128 GB)",4.5,"57,285  ",6 GB RAM | 128 GB ROM,16.23 cm (6.39 inch) Full HD+ Display,48MP + 13MP + 8MP | 20MP Front Camera,4000 mAh Li-polymer Battery,Qualcomm Snapdragon 855 Processor,"Rs.26,999"
,,,,,,,,
"Mi A3 (Not just Blue, 64 GB)",4.3,"30,917  ",4 GB RAM | 64 GB ROM | Expandable Upto 256 GB,15.46 cm (6.088 inch) HD+ Display,48MP + 8MP + 2MP | 32MP Front Camera,4030 mAh Battery,Qualcomm Snapdragon 665 Processor,"Rs.13,999"
,,,,,,,,
"Mi A3 (More Than White, 128 GB)",4.3,"10,171  ",6 GB RAM | 128 GB ROM | Expandable Upto 256 GB,15.44 cm (6.08 inch) HD+ Display,48MP + 8MP + 2MP | 32MP Front Camera,4030 mAh Battery,Qualcomm Snapdragon 665 Processor,"Rs.14,999"
,,,,,,,,
"Mi A3 (Not just Blue, 128 GB)",4.3,"10,171  ",6 GB RAM | 128 GB ROM | Expandable Upto 256 GB,15.44 cm (6.08 inch) HD+ Display,48MP + 8MP + 2MP | 32MP Front Camera,4030 mAh Battery,Qualcomm Snapdragon 665 Processor,"Rs.16,544"
,,,,,,,,
"Redmi Note 7 Pro (Space Black, 64 GB)",4.5,"2,86,352  ",6 GB RAM | 64 GB ROM | Expandable Upto 256 GB,16.0 cm (6.3 inch) Full HD+ Display,48MP + 5MP | 13MP Front Camera,4000 mAh Li-polymer Battery,Qualcomm Snapdragon 675 Processor,"Rs.12,999"
,,,,,,,,
"Redmi K20 (Carbon Black, 64 GB)",4.5,"46,017  ",6 GB RAM | 64 GB ROM,16.23 cm (6.39 inch) Full HD+ Display,48MP + 13MP + 8MP | 20MP Front Camera,4000 mAh Li-polymer Battery,Qualcomm Snapdragon 730 Processor,"Rs.21,999"
,,,,,,,,
"Redmi K20 Pro (Flame Red, 256 GB)",4.5,"12,700  ",8 GB RAM | 256 GB ROM,16.23 cm (6.39 inch) Full HD+ Display,48MP + 13MP + 8MP | 20MP Front Camera,4000 mAh Li-polymer Battery,Qualcomm Snapdragon 855 Processor,"Rs.29,999"
,,,,,,,,
"Redmi Note 8 (Moonlight White, 128 GB)",4.4,"10,270  ",6 GB RAM | 128 GB ROM,16.0 cm (6.3 inch) Full HD+ Display,48MP + 8MP | 13MP Front Camera,4000 mAh Battery,1 year manufacturer warranty for device and 6 months manufacturer warranty for in-box accessories including batteries from the date of purchase,"Rs.15,999"
,,,,,,,,
"Redmi Note 8 (Space Black, 128 GB)",4.4,"10,270  ",6 GB RAM | 128 GB ROM,16.0 cm (6.3 inch) Full HD+ Display,48MP + 8MP | 13MP Front Camera,4000 mAh Battery,1 year manufacturer warranty for device and 6 months manufacturer warranty for in-box accessories including batteries from the date of purchase,"Rs.14,989"
,,,,,,,,
"Redmi Note 8 (Neptune Blue, 64 GB)",4.4,"13,687  ",4 GB RAM | 64 GB ROM,16.0 cm (6.3 inch) Full HD+ Display,48MP + 8MP | 13MP Front Camera,4000 mAh Battery,1 year manufacturer warranty for device and 6 months manufacturer warranty for in-box accessories including batteries from the date of purchase,"Rs.13,999"
,,,,,,,,
"Redmi Note 8 (Space Black, 64 GB)",4.4,"13,687  ",4 GB RAM | 64 GB ROM,16.0 cm (6.3 inch) Full HD+ Display,48MP + 8MP | 13MP Front Camera,4000 mAh Battery,1 year manufacturer warranty for device and 6 months manufacturer warranty for in-box accessories including batteries from the date of purchase,"Rs.13,999"
,,,,,,,,
"Redmi Note 8 (Neptune Blue, 128 GB)",4.4,"10,270  ",6 GB RAM | 128 GB ROM,16.0 cm (6.3 inch) Full HD+ Display,48MP + 8MP | 13MP Front Camera,4000 mAh Battery,1 year manufacturer warranty for device and 6 months manufacturer warranty for in-box accessories including batteries from the date of purchase,"Rs.15,866"
,,,,,,,,
"Redmi Note 8 (Moonlight White, 64 GB)",4.4,"13,687  ",4 GB RAM | 64 GB ROM,16.0 cm (6.3 inch) Full HD+ Display,48MP + 8MP | 13MP Front Camera,4000 mAh Battery,1 year manufacturer warranty for device and 6 months manufacturer warranty for in-box accessories including batteries from the date of purchase,"Rs.13,999"
,,,,,,,,
"Redmi Note 8 (Cosmic Purple, 64 GB)",4.4,"13,687  ",4 GB RAM | 64 GB ROM,16.0 cm (6.3 inch) Display,48MP Rear Camera,4000 mAh Battery,1 year manufacturer warranty for device and 6 months manufacturer warranty for in-box accessories including batteries from the date of purchase,"Rs.13,999"
,,,,,,,,
"Redmi K20 (Glacier Blue, 128 GB)",4.5,"46,017  ",6 GB RAM | 128 GB ROM,16.23 cm (6.39 inch) Full HD+ Display,48MP + 13MP + 8MP | 20MP Front Camera,4000 mAh Li-polymer Battery,Qualcomm Snapdragon 730 Processor,"Rs.24,999"
,,,,,,,,
"Mi A2 (Red, 128 GB)",4.1,"2,496  ",6 GB RAM | 128 GB ROM,15.21 cm (5.99 inch) Full HD+ Display,20MP + 12MP | 20MP Front Camera,3010 mAh Battery,Qualcomm Snapdragon 660 AIE Processor,"Rs.13,999"
,,,,,,,,
"Redmi Note 7 Pro (Space Black, 128 GB)",4.5,"2,86,352  ",6 GB RAM | 128 GB ROM | Expandable Upto 256 GB,16.0 cm (6.3 inch) Full HD+ Display,48MP + 5MP | 13MP Front Camera,4000 mAh Li-polymer Battery,Qualcomm Snapdragon 675 Processor,"Rs.13,999"
,,,,,,,,
"Mi A3 (Kind of Grey, 128 GB)",4.3,"10,171  ",6 GB RAM | 128 GB ROM | Expandable Upto 256 GB,15.44 cm (6.08 inch) HD+ Display,48MP + 8MP + 2MP | 32MP Front Camera,4030 mAh Battery,Qualcomm Snapdragon 665 Processor,"Rs.17,475"
,,,,,,,,
"Redmi Note 7 Pro (Astro Moonlight White, 128 GB)",4.5,"2,86,352  ",6 GB RAM | 128 GB ROM | Expandable Upto 256 GB,16.0 cm (6.3 inch) Full HD+ Display,48MP + 5MP | 13MP Front Camera,4000 mAh Li-polymer Battery,Qualcomm Snapdragon 675 Processor,"Rs.13,999"
,,,,,,,,
"Redmi K20 Pro (Carbon Black, 256 GB)",4.5,"12,700  ",8 GB RAM | 256 GB ROM,16.23 cm (6.39 inch) Full HD+ Display,48MP + 13MP + 8MP | 20MP Front Camera,4000 mAh Li-polymer Battery,Qualcomm Snapdragon 855 Processor,"Rs.29,999"
,,,,,,,,
"Redmi Note 7S (Sapphire Blue, 64 GB)",4.4,"3,96,478  ",4 GB RAM | 64 GB ROM | Expandable Upto 256 GB,16.0 cm (6.3 inch) Full HD+ Display,48MP + 5MP | 13MP Front Camera,4000 mAh Battery,Qualcomm Snapdragon 660 AIE Processor,"Rs.11,999"
,,,,,,,,
"Mi 10 (Twilight Grey, 256 GB)",4.9,8  ,8 GB RAM | 256 GB ROM,16.94 cm (6.67 inch) Display,108MP Rear Camera | 20MP Front Camera,4780 mAh Battery,Qualcomm Spectra 480 ISP Processor,"Rs.51,999"
,,,,,,,,
"Mi 10 (Coral Green, 128 GB)",4.9,8  ,8 GB RAM | 128 GB ROM,16.94 cm (6.67 inch) Display,108MP Rear Camera | 20MP Front Camera,4780 mAh Battery,Qualcomm Spectra 480 ISP Processor,"Rs.49,840"
,,,,,,,,
"Mi A2 (Black, 64 GB)",4.2,"32,340  ",4 GB RAM | 64 GB ROM,15.21 cm (5.99 inch) Full HD+ Display,20MP + 12MP | 20MP Front Camera,3010 mAh Battery,Qualcomm Snapdragon 660 AIE Processor,"Rs.10,599"
,,,,,,,,
"Redmi Note 6 Pro (Blue, 64 GB)",4.5,"6,12,279  ",4 GB RAM | 64 GB ROM | Expandable Upto 256 GB,15.9 cm (6.26 inch) Full HD+ Display,12MP + 5MP | 20MP + 2MP Dual Front Camera,4000 mAh Li-polymer Battery,Qualcomm Snapdragon 636 Processor,"Rs.15,990"
,,,,,,,,
"MI3 (Metallic Grey, 16 GB)",4.4,"14,985  ",2 GB RAM | 16 GB ROM,12.7 cm (5 inch) Full HD Display,13MP Rear Camera | 2MP Front Camera,3050 mAh Li-Ion Battery,qualcomm Qualcomm Snapdragon 800 8274AB Quad Core 2.3GHz Processor,"Rs.13,999"
,,,,,,,,
"Redmi 8 (Onyx Black, 64 GB)",4.4,"5,55,751  ",4 GB RAM | 64 GB ROM | Expandable Upto 512 GB,15.8 cm (6.22 inch) HD+ Display,12MP + 2MP | 8MP Front Camera,5000 mAh Battery,Qualcomm Snapdragon 439 Processor,"Rs.9,499"
,,,,,,,,
"Redmi 8 (Sapphire Blue, 64 GB)",4.4,"5,55,751  ",4 GB RAM | 64 GB ROM | Expandable Upto 512 GB,15.8 cm (6.22 inch) HD+ Display,12MP + 2MP | 8MP Front Camera,5000 mAh Battery,Qualcomm Snapdragon 439 Processor,"Rs.9,499"
,,,,,,,,
"Redmi 8 (Emerald Green, 64 GB)",4.4,"5,55,751  ",4 GB RAM | 64 GB ROM | Expandable Upto 512 GB,15.8 cm (6.22 inch) HD+ Display,12MP + 2MP | 8MP Front Camera,5000 mAh Battery,Qualcomm Snapdragon 439 Processor,"Rs.9,499"
,,,,,,,,
"Redmi 8 (Ruby Red, 64 GB)",4.4,"5,55,751  ",4 GB RAM | 64 GB ROM | Expandable Upto 512 GB,15.8 cm (6.22 inch) HD+ Display,12MP + 2MP | 8MP Front Camera,5000 mAh Battery,Qualcomm Snapdragon 439 Processor,"Rs.9,499"
,,,,,,,,
"Redmi K20 Pro (Glacier Blue, 128 GB)",4.5,"57,286  ",6 GB RAM | 128 GB ROM,16.23 cm (6.39 inch) Full HD+ Display,48MP + 13MP + 8MP | 20MP Front Camera,4000 mAh Li-polymer Battery,Qualcomm Snapdragon 855 Processor,"Rs.26,999"
,,,,,,,,
"Redmi Note 8 (Neptune Blue, 32 GB)",4.4,348  ,3 GB RAM | 32 GB ROM,16.0 cm (6.3 inch) Full HD+ Display,48MP + 8MP | 13MP Front Camera,4000 mAh Battery,1 year manufacturer warranty for device and 6 months manufacturer warranty for in-box accessories including batteries from the date of purchase,"Rs.10,978"
,,,,,,,,
"Redmi Note 9 Pro (Aurora Blue, 64 GB)",4.2,319  ,4 GB RAM | 64 GB ROM | Expandable Upto 512 GB,16.94 cm (6.67 inch) Full HD+ Display,48MP + 8MP + 5MP + 2MP | 16MP Front Camera,5020 mAh Battery,Qualcomm® Snapdragon™ 720G Processor,"Rs.12,999"
,,,,,,,,
"Redmi Note 9 Pro (Interstellar Black, 128 GB)",4.8,12  ,6 GB RAM | 128 GB ROM | Expandable Upto 512 GB,16.94 cm (6.67 inch) Full HD+ Display,48MP + 8MP + 5MP + 2MP | 16MP Front Camera,5020 mAh Battery,Qualcomm® Snapdragon™ 720G Processor,"Rs.14,999"
,,,,,,,,
"Redmi Note 9 Pro (Aurora Blue, 128 GB)",4.8,12  ,6 GB RAM | 128 GB ROM | Expandable Upto 512 GB,16.94 cm (6.67 inch) Full HD+ Display,48MP + 8MP + 5MP + 2MP | 16MP Front Camera,5020 mAh Battery,Qualcomm® Snapdragon™ 720G Processor,"Rs.14,999"
,,,,,,,,
"Redmi Note 7 Pro (Astro Moonlight White, 64 GB)",4.5,"2,86,352  ",6 GB RAM | 64 GB ROM | Expandable Upto 256 GB,16.0 cm (6.3 inch) Full HD+ Display,48MP + 5MP | 13MP Front Camera,4000 mAh Li-polymer Battery,Qualcomm Snapdragon 675 Processor,"Rs.12,999"
,,,,,,,,
"Redmi Note 7 Pro (Space Black, 64 GB)",4.5,"8,06,673  ",4 GB RAM | 64 GB ROM | Expandable Upto 256 GB,16.0 cm (6.3 inch) Full HD+ Display,48MP + 5MP | 13MP Front Camera,4000 mAh Li-polymer Battery,Qualcomm Snapdragon 675 Processor,"Rs.10,999"
,,,,,,,,
"Redmi Note 5 Pro (Gold, 64 GB)",4.5,"11,57,300  ",4 GB RAM | 64 GB ROM | Expandable Upto 128 GB,15.21 cm (5.99 inch) Full HD+ Display,12MP + 5MP | 20MP Front Camera,4000 mAh Li Polymer Battery,Qualcomm Snapdragon 636 Processor,"Rs.12,999"
,,,,,,,,
"Redmi Note 7 Pro (Neptune Blue, 64 GB)",4.5,"2,86,352  ",6 GB RAM | 64 GB ROM | Expandable Upto 256 GB,16.0 cm (6.3 inch) Full HD+ Display,48MP + 5MP | 13MP Front Camera,4000 mAh Li-polymer Battery,Qualcomm Snapdragon 675 Processor,"Rs.12,999"
,,,,,,,,
"Redmi Note 5 (Black, 64 GB)",4.4,"3,50,989  ",4 GB RAM | 64 GB ROM | Expandable Upto 128 GB,15.21 cm (5.99 inch) Full HD+ Display,12MP Rear Camera | 5MP Front Camera,4000 mAh Li Polymer Battery,Qualcomm Snapdragon 625 Processor,"Rs.11,999"
,,,,,,,,
"Redmi 8A (Midnight Black, 32 GB)",4.4,"1,43,088  ",2 GB RAM | 32 GB ROM | Expandable Upto 512 GB,15.8 cm (6.22 inch) HD+ Display,12MP Rear Camera | 8MP Front Camera,5000 mAh Battery,Qualcomm Snapdragon 439 Processor,"Rs.6,999"
,,,,,,,,
"Mi A2 (Gold, 128 GB)",4.1,"2,496  ",6 GB RAM | 128 GB ROM,15.21 cm (5.99 inch) Full HD+ Display,20MP + 12MP | 20MP Front Camera,3010 mAh Battery,Qualcomm Snapdragon 660 AIE Processor,"Rs.13,999"
,,,,,,,,
"Redmi Note 7 Pro (Astro Moonlight White, 64 GB)",4.5,"8,06,673  ",4 GB RAM | 64 GB ROM | Expandable Upto 256 GB,16.0 cm (6.3 inch) Full HD+ Display,48MP + 5MP | 13MP Front Camera,4000 mAh Li-polymer Battery,Qualcomm Snapdragon 675 Processor,"Rs.10,999"
,,,,,,,,
"Redmi K20 Pro (Glacier Blue, 256 GB)",4.5,"12,700  ",8 GB RAM | 256 GB ROM,16.23 cm (6.39 inch) Full HD+ Display,48MP + 13MP + 8MP | 20MP Front Camera,4000 mAh Li-polymer Battery,Qualcomm Snapdragon 855 Processor,"Rs.29,999"
,,,,,,,,
"Redmi Note 4 (Black, 32 GB)",4.4,"6,38,611  ",3 GB RAM | 32 GB ROM | Expandable Upto 128 GB,13.97 cm (5.5 inch) Full HD Display,13MP Rear Camera | 5MP Front Camera,4100 mAh Li-Polymer Battery,Qualcomm Snapdragon 625 64-bit Octa Core 2GHz Processor,"Rs.10,999"
,,,,,,,,
"Redmi Note 4 (Dark Grey, 32 GB)",4.4,"6,38,611  ",3 GB RAM | 32 GB ROM | Expandable Upto 128 GB,13.97 cm (5.5 inch) Full HD Display,13MP Rear Camera | 5MP Front Camera,4100 mAh Li-Polymer Battery,Qualcomm Snapdragon 625 64-bit Octa Core 2GHz Processor,"Rs.10,999"
,,,,,,,,
"Redmi Y2 (Rose Gold, 64 GB)",4.4,"25,858  ",4 GB RAM | 64 GB ROM | Expandable Upto 256 GB,15.21 cm (5.99 inch) HD+ Display,12MP + 5MP | 16MP Front Camera,3080 mAh Li Polymer Battery,Qualcomm Snapdragon 625 Processor,"Rs.8,499"
,,,,,,,,
"Redmi Note 7 (Onyx Black, 32 GB)",4.4,"1,30,053  ",3 GB RAM | 32 GB ROM | Expandable Upto 256 GB,16.0 cm (6.3 inch) Full HD+ Display,12MP + 2MP | 13MP Front Camera,4000 mAh Li-polymer Battery,Qualcomm Snapdragon 660 AIE Processor,"Rs.9,999"
,,,,,,,,
"Redmi Y3 (Elegant Blue, 64 GB)",4.4,"2,905  ",4 GB RAM | 64 GB ROM | Expandable Upto 512 GB,15.9 cm (6.26 inch) HD+ Display,12MP + 2MP | 32MP Front Camera,4000 mAh Battery,Qualcomm Snapdragon 632 Processor,"Rs.9,832"
,,,,,,,,
"Redmi Y3 (Prime Black, 32 GB)",4.3,"18,919  ",3 GB RAM | 32 GB ROM | Expandable Upto 512 GB,15.9 cm (6.26 inch) HD+ Display,12MP + 2MP | 32MP Front Camera,4000 mAh Battery,Qualcomm Snapdragon 632 Processor,"Rs.8,090"
,,,,,,,,
"Redmi Y3 (Elegant Blue, 32 GB)",4.3,"18,919  ",3 GB RAM | 32 GB ROM | Expandable Upto 512 GB,15.9 cm (6.26 inch) HD+ Display,12MP + 2MP | 32MP Front Camera,4000 mAh Battery,Qualcomm Snapdragon 632 Processor,"Rs.8,369"
,,,,,,,,
"Redmi 7A (Matte Black, 32 GB)",4.3,"3,62,578  ",2 GB RAM | 32 GB ROM | Expandable Upto 256 GB,13.84 cm (5.45 inch) HD+ Display,12MP Rear Camera | 5MP Front Camera,4000 mAh Li-Polymer Battery,Qualcomm Snapdragon 439 Processor,"Rs.6,699"
,,,,,,,,
"Redmi 7 (Eclipse Black, 32 GB)",4.3,"13,109  ",2 GB RAM | 32 GB ROM,15.9 cm (6.26 inch) Display,12MP Rear Camera,4000 mAh Battery,12 Months,"Rs.7,078"
,,,,,,,,
"Redmi Note 7S (Sapphire Blue, 32 GB)",4.4,"2,93,587  ",3 GB RAM | 32 GB ROM | Expandable Upto 256 GB,16.0 cm (6.3 inch) Full HD+ Display,48MP + 5MP | 13MP Front Camera,4000 mAh Battery,Qualcomm Snapdragon 660 AIE Processor,"Rs.9,999"
,,,,,,,,
"Redmi 6 Pro (Lake Blue, 32 GB)",4.3,"10,502  ",3 GB RAM | 32 GB ROM | Expandable Upto 256 GB,14.83 cm (5.84 inch) Full HD+ Display,12MP + 5MP | 5MP Front Camera,4000 mAh Battery,Qualcomm Snapdragon 625 Processor,"Rs.8,090"
,,,,,,,,
"Redmi 6 Pro (Black, 32 GB)",4.3,"10,502  ",3 GB RAM | 32 GB ROM | Expandable Upto 256 GB,14.83 cm (5.84 inch) Full HD+ Display,12MP + 5MP | 5MP Front Camera,4000 mAh Battery,Qualcomm Snapdragon 625 Processor,"Rs.7,999"
,,,,,,,,
"Redmi 6 Pro (Red, 32 GB)",4.3,"10,502  ",3 GB RAM | 32 GB ROM | Expandable Upto 256 GB,14.83 cm (5.84 inch) Full HD+ Display,12MP + 5MP | 5MP Front Camera,4000 mAh Battery,Qualcomm Snapdragon 625 Processor,"Rs.7,984"
,,,,,,,,
"Redmi 6 Pro (Gold, 32 GB)",4.3,"10,502  ",3 GB RAM | 32 GB ROM | Expandable Upto 256 GB,14.83 cm (5.84 inch) Full HD+ Display,12MP + 5MP | 5MP Front Camera,4000 mAh Battery,Qualcomm Snapdragon 625 Processor,"Rs.7,920"
,,,,,,,,
"Redmi 6A (Black, 32 GB)",4.3,"51,405  ",2 GB RAM | 32 GB ROM | Expandable Upto 128 GB,13.84 cm (5.45 inch) HD Display,13MP Rear Camera,3000 mAh Battery,Mediateck Processor,"Rs.5,412"
,,,,,,,,
"Redmi 6A (Blue, 16 GB)",4.3,"51,405  ",2 GB RAM | 16 GB ROM | Expandable Upto 128 GB,13.84 cm (5.45 inch) Display,13MP Rear Camera | 5MP Front Camera,3000 mAh Battery,1 Year Manufacturer Warranty,"Rs.5,690"
,,,,,,,,
"Redmi 8A Dual (Midnight Grey, 32 GB)",4.3,325  ,2 GB RAM | 32 GB ROM | Expandable Upto 512 GB,15.8 cm (6.22 inch) Full HD+ Display,13MP + 2MP | 8MP Dual Front Camera,5000 mAh Battery,Snapdragon 439 octa core processor Processor,"Rs.7,399"
,,,,,,,,
"Redmi 8A Dual (Sea Blue, 32 GB)",4.3,325  ,2 GB RAM | 32 GB ROM | Expandable Upto 512 GB,15.8 cm (6.22 inch) Full HD+ Display,13MP + 2MP | 8MP Dual Front Camera,5000 mAh Battery,Snapdragon 439 octa core processor Processor,"Rs.7,399"
,,,,,,,,
"Redmi 8A Dual (Midnight Grey, 32 GB)",4.3,441  ,3 GB RAM | 32 GB ROM | Expandable Upto 512 GB,15.8 cm (6.22 inch) Full HD+ Display,13MP + 2MP | 8MP Dual Front Camera,5000 mAh Battery,Snapdragon 439 octa core processor Processor,"Rs.7,499"
,,,,,,,,
"Redmi Note 7S (Onyx Black, 32 GB)",4.4,"2,93,587  ",3 GB RAM | 32 GB ROM | Expandable Upto 256 GB,16.0 cm (6.3 inch) Full HD+ Display,48MP + 5MP | 13MP Front Camera,4000 mAh Battery,Qualcomm Snapdragon 660 AIE Processor,"Rs.9,999"
,,,,,,,,
"Redmi 7A (Matte Gold, 32 GB)",4.3,"3,62,578  ",2 GB RAM | 32 GB ROM | Expandable Upto 256 GB,13.84 cm (5.45 inch) HD+ Display,12MP Rear Camera | 5MP Front Camera,4000 mAh Li-Polymer Battery,Qualcomm Snapdragon 439 Processor,"Rs.6,699"
,,,,,,,,
"Redmi Y3 (Prime Black, 64 GB)",4.4,"2,905  ",4 GB RAM | 64 GB ROM | Expandable Upto 512 GB,15.9 cm (6.26 inch) HD+ Display,12MP + 2MP | 32MP Front Camera,4000 mAh Battery,Qualcomm Snapdragon 632 Processor,"Rs.9,499"
,,,,,,,,
"Redmi Note 5 Pro (Blue, 64 GB)",4.5,"2,53,923  ",6 GB RAM | 64 GB ROM | Expandable Upto 128 GB,15.21 cm (5.99 inch) Full HD+ Display,12MP + 5MP | 20MP Front Camera,4000 mAh Li Polymer Battery,Qualcomm Snapdragon 636 Processor,"Rs.13,999"
,,,,,,,,
"Redmi Y2 (Gold, 64 GB)",4.4,"25,858  ",4 GB RAM | 64 GB ROM | Expandable Upto 256 GB,15.21 cm (5.99 inch) HD+ Display,12MP + 5MP | 16MP Front Camera,3080 mAh Li Polymer Battery,Qualcomm Snapdragon 625 Processor,"Rs.8,499"
,,,,,,,,
"Mi 10 (Coral Green, 256 GB)",4.9,8  ,8 GB RAM | 256 GB ROM,16.94 cm (6.67 inch) Display,108MP Rear Camera | 20MP Front Camera,4780 mAh Battery,Qualcomm Spectra 480 ISP Processor,"Rs.51,999"
,,,,,,,,
"Redmi Note 3 (Gold, 32 GB)",4.3,"1,41,680  ",3 GB RAM | 32 GB ROM | Expandable Upto 32 GB,13.97 cm (5.5 inch) Full HD Display,16MP Rear Camera | 5MP Front Camera,4050 mAh Li-Polymer Battery Battery,Qualcomm Snapdragon 650 64-bit 0 1.8GHz Processor,"Rs.11,999"
,,,,,,,,
"Redmi Note 5 Pro (Rose Gold, 64 GB)",4.5,"11,57,300  ",4 GB RAM | 64 GB ROM | Expandable Upto 128 GB,15.21 cm (5.99 inch) Full HD+ Display,12MP + 5MP | 20MP Front Camera,4000 mAh Li Polymer Battery,Qualcomm Snapdragon 636 Processor,"Rs.12,999"
,,,,,,,,
"Redmi Note 5 Pro (Red, 64 GB)",4.5,"11,57,300  ",4 GB RAM | 64 GB ROM | Expandable Upto 128 GB,15.21 cm (5.99 inch) Full HD+ Display,12MP + 5MP | 20MP Front Camera,4000 mAh Li Polymer Battery,Qualcomm Snapdragon 636 Processor,"Rs.12,999"
,,,,,,,,
"Redmi Note 5 Pro (Black, 64 GB)",4.5,"2,53,923  ",6 GB RAM | 64 GB ROM | Expandable Upto 128 GB,15.21 cm (5.99 inch) Full HD+ Display,12MP + 5MP | 20MP Front Camera,4000 mAh Li Polymer Battery,Qualcomm Snapdragon 636 Processor,"Rs.13,999"
,,,,,,,,
"Redmi Note 9 Pro (Glacier White, 64 GB)",4.2,319  ,4 GB RAM | 64 GB ROM | Expandable Upto 512 GB,16.94 cm (6.67 inch) Full HD+ Display,48MP + 8MP + 5MP + 2MP | 16MP Front Camera,5020 mAh Battery,Qualcomm® Snapdragon™ 720G Processor,"Rs.16,999"
,,,,,,,,
"Redmi Note 7 (Onyx Black, 64 GB)",4.5,"1,74,587  ",4 GB RAM | 64 GB ROM | Expandable Upto 256 GB,16.0 cm (6.3 inch) Full HD+ Display,12MP + 2MP | 13MP Front Camera,4000 mAh Li-polymer Battery,Qualcomm Snapdragon 660 AIE Processor,"Rs.15,499"
,,,,,,,,
"Redmi Note 5 (Rose Gold, 32 GB)",4.4,"3,49,709  ",3 GB RAM | 32 GB ROM | Expandable Upto 128 GB,15.21 cm (5.99 inch) Full HD+ Display,12MP Rear Camera | 5MP Front Camera,4000 mAh Li Polymer Battery,Qualcomm Snapdragon 625 Processor,"Rs.12,299"
,,,,,,,,
"Mi A2 (Gold, 64 GB)",4.2,"32,340  ",4 GB RAM | 64 GB ROM,15.21 cm (5.99 inch) Full HD+ Display,20MP + 12MP | 20MP Front Camera,3010 mAh Battery,Qualcomm Snapdragon 660 AIE Processor,"Rs.17,490"
,,,,,,,,
"Redmi Go (Blue, 16 GB)",4.3,"1,59,989  ",1 GB RAM | 16 GB ROM | Expandable Upto 128 GB,12.7 cm (5 inch) HD Display,8MP Rear Camera | 5MP Front Camera,3000 mAh Li Polymer Battery,Qualcomm Snapdragon 425 Processor,"Rs.6,700"
,,,,,,,,
"Redmi Note 5 (Gold, 32 GB)",4.4,"3,49,709  ",3 GB RAM | 32 GB ROM | Expandable Upto 128 GB,15.21 cm (5.99 inch) Full HD+ Display,12MP Rear Camera | 5MP Front Camera,4000 mAh Li Polymer Battery,Qualcomm Snapdragon 625 Processor,"Rs.11,999"
,,,,,,,,
"Mi A1 (Rose Gold, 64 GB)",4.4,"4,67,119  ",4 GB RAM | 64 GB ROM | Expandable Upto 128 GB,13.97 cm (5.5 inch) Full HD Display,12MP + 12MP | 5MP Front Camera,3080 mAh Li-polymer Battery,Qualcomm Snapdragon 625 64 bit Octa Core 2GHz Processor,"Rs.14,999"
,,,,,,,,
"Redmi Y2 (Dark Grey, 32 GB)",4.5,"1,16,467  ",3 GB RAM | 32 GB ROM | Expandable Upto 256 GB,15.21 cm (5.99 inch) HD+ Display,12MP + 5MP | 16MP Front Camera,3080 mAh Li Polymer Battery,Qualcomm Snapdragon 625 Processor,"Rs.7,999"
,,,,,,,,
"Mi 4i (Blue, 16 GB)",4.2,"79,067  ",2 GB RAM | 16 GB ROM,12.7 cm (5 inch) Full HD Display,13MP Rear Camera | 5MP Front Camera,3030 mAh Li-ion Polymer Battery,2nd-gen Snapdragon 615 64-bit octa-core Processor,"Rs.11,999"
,,,,,,,,
"Redmi Y1 (Grey, 64 GB)",4.1,895  ,4 GB RAM | 64 GB ROM | Expandable Upto 128 GB,13.97 cm (5.5 inch) HD Display,13MP Rear Camera | 16MP Front Camera,3080 mAh Battery,Qualcomm Snapdragon 435 Processor,"Rs.11,599"
,,,,,,,,
"Redmi 3S Prime (Gold, 32 GB)",4.3,"4,76,566  ",3 GB RAM | 32 GB ROM | Expandable Upto 128 GB,12.7 cm (5 inch) HD Display,13MP Rear Camera | 5MP Front Camera,4100 mAh Li-Ion Polymer Battery,Qualcomm Snapdragon 430 64-bit Octa Core 1.4GHz Processor,"Rs.8,999"
,,,,,,,,
"Mi Max (Dark Grey, 32 GB)",4.3,"18,715  ",3 GB RAM | 32 GB ROM | Expandable Upto 128 GB,16.36 cm (6.44 inch) Full HD Display,16MP Rear Camera | 5MP Front Camera,4850 mAh Li-Polymer Battery,Qualcomm Snapdragon 650 64-bit Processor,"Rs.14,999"
,,,,,,,,
"Mi 5 (White, 32 GB)",4.3,"19,308  ",3 GB RAM | 32 GB ROM,13.08 cm (5.15 inch) Full HD Display,16MP Rear Camera | 4MP Front Camera,3000 mAh Li-Ion Polymer Battery,Snapdragon 820 Kryo Processor,"Rs.24,999"
,,,,,,,,
"Mi Max (Gold, 32 GB)",4.3,"18,715  ",3 GB RAM | 32 GB ROM | Expandable Upto 128 GB,16.36 cm (6.44 inch) Full HD Display,16MP Rear Camera | 5MP Front Camera,4850 mAh Li-Polymer Battery,Qualcomm Snapdragon 650 64-bit Processor,"Rs.14,999"
,,,,,,,,
"Redmi Note 6 Pro (Blue, 64 GB)",4.5,"1,21,534  ",6 GB RAM | 64 GB ROM | Expandable Upto 256 GB,15.9 cm (6.26 inch) Full HD+ Display,12MP + 5MP | 20MP + 2MP Dual Front Camera,4000 mAh Li-polymer Battery,Qualcomm Snapdragon 636 Processor,"Rs.11,999"
,,,,,,,,
"Redmi Y1 lite (Grey, 16 GB)",4.2,"3,246  ",2 GB RAM | 16 GB ROM | Expandable Upto 128 GB,13.97 cm (5.5 inch) HD Display,13MP Rear Camera | 5MP Front Camera,3080 mAh Battery,Qualcomm Snapdragon 425 Processor,"Rs.7,899"
,,,,,,,,
"Redmi 3S (Silver, 16 GB)",4.3,"2,11,788  ",2 GB RAM | 16 GB ROM | Expandable Upto 128 GB,12.7 cm (5 inch) HD Display,13MP Rear Camera | 5MP Front Camera,4100 mAh Li-Ion Polymer Battery,Qualcomm Snapdragon 430 64-bit Octa Core 1.4GHz Processor,"Rs.6,999"
,,,,,,,,
"Mi Max (Silver, 32 GB)",4.3,"18,715  ",3 GB RAM | 32 GB ROM | Expandable Upto 128 GB,16.36 cm (6.44 inch) Full HD Display,16MP Rear Camera | 5MP Front Camera,4850 mAh Li-Polymer Battery,Qualcomm Snapdragon 650 64-bit Processor,"Rs.14,999"
,,,,,,,,
"Redmi 3S Prime (Dark Grey, 32 GB)",4.3,"4,76,566  ",3 GB RAM | 32 GB ROM | Expandable Upto 128 GB,12.7 cm (5 inch) HD Display,13MP Rear Camera | 5MP Front Camera,4100 mAh Li-Ion Polymer Battery,Qualcomm Snapdragon 430 64-bit Octa Core 1.4GHz Processor,"Rs.8,999"
,,,,,,,,
"Mi 4i (Grey, 32 GB)",4.2,"79,067  ",2 GB RAM | 32 GB ROM,12.7 cm (5 inch) Full HD Display,13MP Rear Camera | 5MP Front Camera,3120 mAh Li-ion Polymer Battery,2nd-gen Snapdragon 615 64-bit octa-core Processor,"Rs.14,999"
,,,,,,,,
"Redmi Note 4 (Dark Grey, 64 GB)",4.4,"13,26,965  ",4 GB RAM | 64 GB ROM | Expandable Upto 128 GB,13.97 cm (5.5 inch) Full HD Display,13MP Rear Camera | 5MP Front Camera,4100 mAh Li-Polymer Battery,Qualcomm Snapdragon 625 64-bit Octa Core 2GHz Processor,"Rs.12,999"
,,,,,,,,
"Redmi Note 5 Pro (Black, 64 GB)",4.5,"11,57,300  ",4 GB RAM | 64 GB ROM | Expandable Upto 128 GB,15.21 cm (5.99 inch) Full HD+ Display,12MP + 5MP | 20MP Front Camera,4000 mAh Li Polymer Battery,Qualcomm Snapdragon 636 Processor,"Rs.12,999"
,,,,,,,,
"Redmi 7A (Matte Black, 16 GB)",4.3,"3,62,578  ",2 GB RAM | 16 GB ROM | Expandable Upto 256 GB,13.84 cm (5.45 inch) HD+ Display,12MP Rear Camera | 5MP Front Camera,4000 mAh Li-Polymer Battery,Qualcomm Snapdragon 439 Processor,"Rs.6,499"
,,,,,,,,
"Redmi Y2 (Dark Grey, 64 GB)",4.4,"25,858  ",4 GB RAM | 64 GB ROM | Expandable Upto 256 GB,15.21 cm (5.99 inch) HD+ Display,12MP + 5MP | 16MP Front Camera,3080 mAh Li Polymer Battery,Qualcomm Snapdragon 625 Processor,"Rs.8,499"
,,,,,,,,
"Redmi 7A (Matte Blue, 32 GB)",4.3,"3,62,578  ",2 GB RAM | 32 GB ROM | Expandable Upto 256 GB,13.84 cm (5.45 inch) HD+ Display,12MP Rear Camera | 5MP Front Camera,4000 mAh Li-Polymer Battery,Qualcomm Snapdragon 439 Processor,"Rs.6,699"
,,,,,,,,
"Redmi 7A (Matte Gold, 16 GB)",4.3,"3,62,578  ",2 GB RAM | 16 GB ROM | Expandable Upto 256 GB,13.84 cm (5.45 inch) HD+ Display,12MP Rear Camera | 5MP Front Camera,4000 mAh Li-Polymer Battery,Qualcomm Snapdragon 439 Processor,"Rs.6,499"
,,,,,,,,
"Redmi 4A (Gold, 32 GB)",4.4,"2,09,034  ",3 GB RAM | 32 GB ROM | Expandable Upto 128 GB,12.7 cm (5 inch) HD Display,13MP Rear Camera | 5MP Front Camera,3120 mAh Li-polymer Battery,Qualcomm Snapdragon 425 1.4 GHz Processor,"Rs.6,999"
,,,,,,,,
"Mi Max 2 (Black, 64 GB)",4.4,"43,817  ",4 GB RAM | 64 GB ROM | Expandable Upto 128 GB,16.36 cm (6.44 inch) Full HD Display,12MP Rear Camera | 5MP Front Camera,5300 mAh Li-Polymer Battery,Qualcomm Snapdragon 625 Octa Core 2 Ghz Processor,"Rs.16,999"
,,,,,,,,
"Mi 4i (Yellow, 16 GB)",4.2,"79,067  ",2 GB RAM | 16 GB ROM,12.7 cm (5 inch) Full HD Display,13MP Rear Camera | 5MP Front Camera,3030 mAh Li-ion Polymer Battery,2nd-gen Snapdragon 615 64-bit octa-core Processor,"Rs.9,999"
,,,,,,,,
"Redmi Go (Black, 16 GB)",4.3,"1,59,989  ",1 GB RAM | 16 GB ROM | Expandable Upto 128 GB,12.7 cm (5 inch) HD Display,8MP Rear Camera | 5MP Front Camera,3000 mAh Li Polymer Battery,Qualcomm Snapdragon 425 Processor,"Rs.4,999"
,,,,,,,,
"Redmi 4A (Dark Grey, 32 GB)",4.4,"2,09,034  ",3 GB RAM | 32 GB ROM | Expandable Upto 128 GB,12.7 cm (5 inch) HD Display,13MP Rear Camera | 5MP Front Camera,3120 mAh Li-polymer Battery,Qualcomm Snapdragon 425 1.4 GHz Processor,"Rs.6,999"
,,,,,,,,
"Redmi 6A (Gold, 16 GB)",4.3,"51,405  ",2 GB RAM | 16 GB ROM | Expandable Upto 128 GB,13.84 cm (5.45 inch) Display,13MP Rear Camera,3000 mAh Battery,1 Year,"Rs.5,589"
,,,,,,,,
"MI4 (White, 16 GB)",4.1,"26,071  ",3 GB RAM | 16 GB ROM,12.7 cm (5 inch) Full HD Display,13MP Rear Camera | 8MP Front Camera,3080 mAh Lithium-ion Polymer Battery,Qualcomm MSM8274AC Snapdragon 801 Krait 400 Processor,"Rs.14,999"
,,,,,,,,
"Mi A1 (Black, 64 GB)",4.4,"4,67,119  ",4 GB RAM | 64 GB ROM | Expandable Upto 128 GB,13.97 cm (5.5 inch) Full HD Display,12MP + 12MP | 5MP Front Camera,3080 mAh Li-polymer Battery,Qualcomm Snapdragon 625 64 bit Octa Core 2GHz Processor,"Rs.14,999"
,,,,,,,,
"Redmi Y1 lite (Rose Gold, 16 GB)",4.2,"3,246  ",2 GB RAM | 16 GB ROM | Expandable Upto 128 GB,13.97 cm (5.5 inch) HD Display,13MP Rear Camera | 5MP Front Camera,3080 mAh Battery,Snapdragon 425 Processor,"Rs.7,810"
,,,,,,,,
"Redmi Note 5 (Blue, 32 GB)",4.4,"3,49,709  ",3 GB RAM | 32 GB ROM | Expandable Upto 128 GB,15.21 cm (5.99 inch) Full HD+ Display,12MP Rear Camera | 5MP Front Camera,4000 mAh Li Polymer Battery,Qualcomm Snapdragon 625 Processor,"Rs.10,999"
,,,,,,,,
"Redmi Y1 (Gold, 64 GB)",4.1,895  ,4 GB RAM | 64 GB ROM | Expandable Upto 128 GB,13.97 cm (5.5 inch) HD Display,13MP Rear Camera | 16MP Front Camera,3080 mAh Battery,Qualcomm Snapdragon 435 Processor,"Rs.9,990"
,,,,,,,,
"Redmi 5A (Blue, 16 GB)",4.5,"12,20,536  ",2 GB RAM | 16 GB ROM | Expandable Upto 128 GB,12.7 cm (5 inch) HD Display,13MP Rear Camera | 5MP Front Camera,3000 mAh Li-polymer Battery,Qualcomm Snapdragon 425 Processor,"Rs.5,999"
,,,,,,,,
"Redmi 5A (Blue, 32 GB)",4.4,"5,98,921  ",3 GB RAM | 32 GB ROM | Expandable Upto 128 GB,12.7 cm (5 inch) HD Display,13MP Rear Camera | 5MP Front Camera,3000 mAh Li-polymer Battery,Qualcomm Snapdragon 425 Processor,"Rs.6,999"
,,,,,,,,
"Redmi 5 (Gold, 32 GB)",4.3,"6,213  ",3 GB RAM | 32 GB ROM | Expandable Upto 128 GB,14.48 cm (5.7 inch) HD+ Display,12MP Rear Camera | 5MP Front Camera,3300 mAh Battery,Qualcomm Snapdragon 450 Processor,"Rs.7,990"
,,,,,,,,
"Redmi 5 (Lake Blue, 64 GB)",4.3,"4,555  ",4 GB RAM | 64 GB ROM | Expandable Upto 128 GB,14.48 cm (5.7 inch) HD Display,12MP Rear Camera | 5MP Front Camera,3300 mAh Battery,1 Year Brand Warranty,"Rs.8,299"
,,,,,,,,
"Redmi 5 (Black, 64 GB)",4.3,"4,555  ",4 GB RAM | 64 GB ROM | Expandable Upto 128 GB,14.48 cm (5.7 inch) HD+ Display,12MP Rear Camera | 5MP Front Camera,3300 mAh Battery,Qualcomm Snapdragon 450 Processor,"Rs.8,999"
,,,,,,,,
"Redmi Go (Blue, 8 GB)",4.3,"1,59,989  ",1 GB RAM | 8 GB ROM | Expandable Upto 128 GB,12.7 cm (5 inch) HD Display,8MP Rear Camera | 5MP Front Camera,3000 mAh Li Polymer Battery,Qualcomm Snapdragon 425 Processor,"Rs.4,499"
,,,,,,,,
"Redmi 5 (Lake Blue, 64 GB)",4.3,"4,555  ",4 GB RAM | 64 GB ROM | Expandable Upto 128 GB,14.48 cm (5.7 inch) HD Display,12MP Rear Camera | 5MP Front Camera,3300 mAh Battery,1 Year Brand Warranty,"Rs.8,299"
,,,,,,,,
"Redmi 5 (Black, 64 GB)",4.3,"4,555  ",4 GB RAM | 64 GB ROM | Expandable Upto 128 GB,14.48 cm (5.7 inch) HD+ Display,12MP Rear Camera | 5MP Front Camera,3300 mAh Battery,Qualcomm Snapdragon 450 Processor,"Rs.8,999"
,,,,,,,,
"Redmi Go (Blue, 8 GB)",4.3,"1,59,989  ",1 GB RAM | 8 GB ROM | Expandable Upto 128 GB,12.7 cm (5 inch) HD Display,8MP Rear Camera | 5MP Front Camera,3000 mAh Li Polymer Battery,Qualcomm Snapdragon 425 Processor,"Rs.4,499"
,,,,,,,,
"Redmi 2 (White, 8 GB)",4.2,"86,261  ",1 GB RAM | 8 GB ROM | Expandable Upto 32 GB,11.94 cm (4.7 inch) HD Display,8MP Rear Camera | 2MP Front Camera,2200 mAh Li-Ion Polymer Battery,Qualcomm Snapdragon 410 MSM8916 Processor,"Rs.5,999"
,,,,,,,,
"Redmi 8A (Midnight Black, 32 GB)",4.3,"1,21,330  ",3 GB RAM | 32 GB ROM | Expandable Upto 512 GB,15.8 cm (6.22 inch) HD+ Display,12MP Rear Camera | 8MP Front Camera,5000 mAh Battery,Qualcomm Snapdragon 439 Processor,"Rs.7,499"
,,,,,,,,
"Redmi Y1 (Gold, 32 GB)",4.3,"19,335  ",3 GB RAM | 32 GB ROM | Expandable Upto 128 GB,13.97 cm (5.5 inch) HD Display,13MP Rear Camera | 16MP Front Camera,3080 mAh Battery,Qualcomm Snapdragon 435 Processor,"Rs.8,999"
,,,,,,,,
"Redmi Y1 (Rose Gold, 32 GB)",4.3,"19,335  ",3 GB RAM | 32 GB ROM | Expandable Upto 128 GB,13.97 cm (5.5 inch) HD Display,13MP Rear Camera | 16MP Front Camera,3080 mAh Battery,Qualcomm Snapdragon 435 Processor,"Rs.8,699"
,,,,,,,,
"Mi 4i (Grey, 16 GB)",4.2,"79,067  ",2 GB RAM | 16 GB ROM,12.7 cm (5 inch) Full HD Display,13MP Rear Camera | 5MP Front Camera,3030 mAh Li-ion Polymer Battery,qualcomm 2nd-gen Snapdragon 615 64-bit octa-core Octa Core 1.7GHz Processor,"Rs.10,999"
,,,,,,,,
"Redmi 6 (Blue, 64 GB)",4.4,"5,44,019  ",3 GB RAM | 64 GB ROM | Expandable Upto 256 GB,13.84 cm (5.45 inch) HD+ Display,12MP + 5MP | 5MP Front Camera,3000 mAh Lithium-polymer Battery,2.0 GHz Mediatek P22 Octacore Processor,"Rs.8,499"
,,,,,,,,
"Redmi Note 8 (Moonlight White, 32 GB)",4.4,348  ,3 GB RAM | 32 GB ROM,16.0 cm (6.3 inch) Full HD+ Display,48MP + 8MP | 13MP Front Camera,4000 mAh Battery,1 year manufacturer warranty for device and 6 months manufacturer warranty for in-box accessories including batteries from the date of purchase,"Rs.10,930"
,,,,,,,,
"Redmi 7 (Comet Blue, 32 GB)",4.4,"6,270  ",3 GB RAM | 32 GB ROM | Expandable Upto 512 GB,15.9 cm (6.26 inch) HD+ Display,12MP + 2MP | 8MP Front Camera,4000 mAh Battery,Qualcomm Snapdragon 632 Processor,"Rs.8,290"
,,,,,,,,
"Redmi 7 (Eclipse Black, 32 GB)",4.4,"6,270  ",3 GB RAM | 32 GB ROM | Expandable Upto 512 GB,15.9 cm (6.26 inch) HD+ Display,12MP + 2MP | 8MP Front Camera,4000 mAh Battery,Qualcomm Snapdragon 632 Processor,"Rs.8,340"
,,,,,,,,
"Redmi 6 Pro (Red, 64 GB)",4.3,"9,962  ",4 GB RAM | 64 GB ROM | Expandable Upto 256 GB,14.83 cm (5.84 inch) Full HD+ Display,12MP + 5MP | 5MP Front Camera,4000 mAh Battery,Qualcomm Snapdragon 625 Processor,"Rs.8,989"
,,,,,,,,
"Redmi 2 Prime (Grey, 16 GB)",4.3,"1,18,208  ",2 GB RAM | 16 GB ROM | Expandable Upto 32 GB,11.94 cm (4.7 inch) HD Display,8MP Rear Camera | 2MP Front Camera,2200 mAh Li-Ion Polymer Battery,Qualcomm Snapdragon 410 MSM8916 Processor,"Rs.6,999"
,,,,,,,,
"Redmi 2 Prime (White, 16 GB)",4.3,"1,18,208  ",2 GB RAM | 16 GB ROM | Expandable Upto 32 GB,11.94 cm (4.7 inch) HD Display,8MP Rear Camera | 2MP Front Camera,2200 mAh Li-Ion Polymer Battery,Qualcomm Snapdragon 410 MSM8916 Processor,"Rs.6,999"
,,,,,,,,
"Redmi 6A (Rose Gold, 16 GB)",4.3,"51,405  ",2 GB RAM | 16 GB ROM | Expandable Upto 128 GB,13.84 cm (5.45 inch) Display,13MP Rear Camera | 5MP Front Camera,3000 mAh Battery,1 Year Manufacturer Warranty,"Rs.5,380"
,,,,,,,,
"Redmi Note 7 Pro (Nebula Red, 64 GB)",4.5,"8,06,673  ",4 GB RAM | 64 GB ROM | Expandable Upto 256 GB,16.0 cm (6.3 inch) Full HD+ Display,48MP + 5MP | 13MP Front Camera,4000 mAh Li-polymer Battery,Qualcomm Snapdragon 675 Processor,"Rs.10,999"
,,,,,,,,
"Redmi 6A (Rose Gold, 32 GB)",4.3,"51,405  ",2 GB RAM | 32 GB ROM | Expandable Upto 128 GB,13.84 cm (5.45 inch) HD Display,13MP Rear Camera,3000 mAh Battery,Mediateck Processor,"Rs.5,742"
,,,,,,,,
"Redmi 6A (Blue, 32 GB)",4.3,"51,405  ",2 GB RAM | 32 GB ROM | Expandable Upto 128 GB,13.84 cm (5.45 inch) HD Display,13MP Rear Camera,3000 mAh Battery,Mediateck Processor,"Rs.5,976"
,,,,,,,,
"Redmi 4 (Black, 32 GB)",4.2,"7,898  ",3 GB RAM | 32 GB ROM | Expandable Upto 128 GB,12.7 cm (5 inch) HD Display,13MP Rear Camera | 5MP Front Camera,4100 mAh Battery,Snapdragon 435 Processor,"Rs.9,189"
,,,,,,,,
"Redmi Y3 (Bold Red, 64 GB)",4.4,"2,905  ",4 GB RAM | 64 GB ROM | Expandable Upto 512 GB,15.9 cm (6.26 inch) HD+ Display,12MP + 2MP | 32MP Front Camera,4000 mAh Battery,Qualcomm Snapdragon 632 Processor,"Rs.10,290"
,,,,,,,,
"Redmi 6 (Rose Gold, 64 GB)",4.4,"5,44,019  ",3 GB RAM | 64 GB ROM | Expandable Upto 256 GB,13.84 cm (5.45 inch) HD+ Display,12MP + 5MP | 5MP Front Camera,3000 mAh Lithium-polymer Battery,2.0 GHz Mediatek P22 Octacore Processor,"Rs.8,499"
,,,,,,,,
"Redmi Note 5 (Black, 32 GB)",4.4,"3,49,709  ",3 GB RAM | 32 GB ROM | Expandable Upto 128 GB,15.21 cm (5.99 inch) Full HD+ Display,12MP Rear Camera | 5MP Front Camera,4000 mAh Li Polymer Battery,Qualcomm Snapdragon 625 Processor,"Rs.10,999"
,,,,,,,,
"Redmi Note 9 Pro Max (Interstellar Black, 128 GB)",None,None,6 GB RAM | 128 GB ROM | Expandable Upto 512 GB,16.94 cm (6.67 inch) Full HD+ Display,64MP + 8MP + 5MP + 2MP | 32MP Front Camera,5020 mAh Battery,Qualcomm Snapdragon 720G Processor,"Rs.16,999"
,,,,,,,,
"Redmi 5A (Grey, 32 GB)",4.4,"5,98,921  ",3 GB RAM | 32 GB ROM | Expandable Upto 128 GB,12.7 cm (5 inch) HD Display,13MP Rear Camera | 5MP Front Camera,3000 mAh Li-polymer Battery,Qualcomm Snapdragon 425 Processor,"Rs.6,999"
,,,,,,,,
"Redmi 5A (Grey, 16 GB)",4.5,"12,20,536  ",2 GB RAM | 16 GB ROM | Expandable Upto 128 GB,12.7 cm (5 inch) HD Display,13MP Rear Camera | 5MP Front Camera,3000 mAh Li-polymer Battery,Qualcomm Snapdragon 425 Processor,"Rs.6,499"
,,,,,,,,
"Redmi 5A (Gold, 32 GB)",4.4,"5,98,921  ",3 GB RAM | 32 GB ROM | Expandable Upto 128 GB,12.7 cm (5 inch) HD Display,13MP Rear Camera | 5MP Front Camera,3000 mAh Li-polymer Battery,Qualcomm Snapdragon 425 Processor,"Rs.6,999"
,,,,,,,,
"Redmi 5A (Rose Gold, 16 GB)",4.5,"12,20,536  ",2 GB RAM | 16 GB ROM | Expandable Upto 128 GB,12.7 cm (5 inch) HD Display,13MP Rear Camera | 5MP Front Camera,3000 mAh Li-polymer Battery,Qualcomm Snapdragon 425 Processor,"Rs.5,999"
,,,,,,,,
"Redmi 5A (Gold, 16 GB)",4.5,"12,20,536  ",2 GB RAM | 16 GB ROM | Expandable Upto 128 GB,12.7 cm (5 inch) HD Display,13MP Rear Camera | 5MP Front Camera,3000 mAh Li-polymer Battery,Qualcomm Snapdragon 425 Processor,"Rs.5,999"
,,,,,,,,
"Redmi 4 (Black, 16 GB)",4.2,154  ,2 GB RAM | 16 GB ROM | Expandable Upto 128 GB,12.7 cm (5 inch) HD Display,13MP Rear Camera | 5MP Front Camera,4100 mAh Battery,Snapdragon 435 Processor,"Rs.7,499"
,,,,,,,,
"Redmi 4 (Gold, 16 GB)",4.2,154  ,2 GB RAM | 16 GB ROM | Expandable Upto 128 GB,12.7 cm (5 inch) HD Display,13MP Rear Camera | 5MP Front Camera,4100 mAh Battery,Snapdragon 435 Processor,"Rs.7,499"
,,,,,,,,
"Redmi Note 6 Pro (Black, 64 GB)",4.5,"6,12,279  ",4 GB RAM | 64 GB ROM | Expandable Upto 256 GB,15.9 cm (6.26 inch) Full HD+ Display,12MP + 5MP | 20MP + 2MP Dual Front Camera,4000 mAh Li-polymer Battery,Qualcomm Snapdragon 636 Processor,"Rs.11,349"
,,,,,,,,
"Redmi Note 4 (Gold, 64 GB)",4.4,"13,26,965  ",4 GB RAM | 64 GB ROM | Expandable Upto 128 GB,13.97 cm (5.5 inch) Full HD Display,13MP Rear Camera | 5MP Front Camera,4100 mAh Li-Polymer Battery,Qualcomm Snapdragon 625 64-bit Octa Core 2GHz Processor,"Rs.13,999"
,,,,,,,,
"Redmi 8A Dual (Sky White, 64 GB)",4.3,441  ,3 GB RAM | 64 GB ROM,15.8 cm (6.22 inch) Full HD+ Display,13MP + 2MP | 8MP Front Camera,5000 mAh Battery,Snapdragon 439  Processor,"Rs.9,999"
,,,,,,,,
"Redmi 8A (Sunset Red, 32 GB)",4.4,"1,43,088  ",2 GB RAM | 32 GB ROM | Expandable Upto 512 GB,15.8 cm (6.22 inch) HD+ Display,12MP Rear Camera | 8MP Front Camera,5000 mAh Battery,Qualcomm Snapdragon 439 Processor,"Rs.6,999"
,,,,,,,,
"Redmi 8A Dual (Midnight Grey, 64 GB)",4.3,441  ,3 GB RAM | 64 GB ROM,15.8 cm (6.22 inch) Full HD+ Display,13MP + 2MP | 8MP Front Camera,5000 mAh Battery,Snapdragon 439  Processor,"Rs.9,999"
,,,,,,,,
"Redmi 8A Dual (Sea Blue, 64 GB)",4.3,441  ,3 GB RAM | 64 GB ROM,15.8 cm (6.22 inch) Full HD+ Display,13MP + 2MP | 8MP Front Camera,5000 mAh Battery,Snapdragon 439  Processor,"Rs.9,999"
,,,,,,,,
"Mi 10 (Twilight Grey, 128 GB)",4.9,8  ,8 GB RAM | 128 GB ROM,16.94 cm (6.67 inch) Display,108MP Rear Camera | 20MP Front Camera,4780 mAh Battery,Qualcomm Spectra 480 ISP Processor,"Rs.48,500"
,,,,,,,,
"Redmi Note 7 (Sapphire Blue, 64 GB)",4.5,"1,74,587  ",4 GB RAM | 64 GB ROM | Expandable Upto 256 GB,16.0 cm (6.3 inch) Full HD+ Display,12MP + 2MP | 13MP Front Camera,4000 mAh Li-polymer Battery,Qualcomm Snapdragon 660 AIE Processor,"Rs.14,870"
,,,,,,,,
"Redmi 4 (Black, 64 GB)",4,"1,244  ",4 GB RAM | 64 GB ROM | Expandable Upto 128 GB,12.7 cm (5 inch) HD Display,13MP Rear Camera | 5MP Front Camera,4100 mAh Battery,Snapdragon 435 Processor,"Rs.11,999"
,,,,,,,,
"Redmi 4 (Gold, 32 GB)",4.2,"7,898  ",3 GB RAM | 32 GB ROM | Expandable Upto 128 GB,12.7 cm (5 inch) HD Display,13MP Rear Camera | 5MP Front Camera,4100 mAh Battery,Snapdragon 435 Processor,"Rs.8,999"
,,,,,,,,
"Redmi 8A (Sunset Red, 32 GB)",4.3,"1,21,330  ",3 GB RAM | 32 GB ROM | Expandable Upto 512 GB,15.8 cm (6.22 inch) HD+ Display,12MP Rear Camera | 8MP Front Camera,5000 mAh Battery,Qualcomm Snapdragon 439 Processor,"Rs.8,990"
,,,,,,,,
"Redmi Note 7 (Ruby Red, 32 GB)",4.4,"1,30,053  ",3 GB RAM | 32 GB ROM | Expandable Upto 256 GB,16.0 cm (6.3 inch) Full HD+ Display,12MP + 2MP | 13MP Front Camera,4000 mAh Li-polymer Battery,Qualcomm Snapdragon 660 AIE Processor,"Rs.10,999"
,,,,,,,,
"Redmi Note 4 (Gold, 32 GB)",4.4,"6,38,611  ",3 GB RAM | 32 GB ROM | Expandable Upto 128 GB,13.97 cm (5.5 inch) Full HD Display,13MP Rear Camera | 5MP Front Camera,4100 mAh Li-Polymer Battery,Qualcomm Snapdragon 625 64-bit Octa Core 2GHz Processor,"Rs.10,999"
,,,,,,,,
"Redmi 7 (Eclipse Black, 32 GB)",4.4,"6,270  ",3 GB RAM | 32 GB ROM | Expandable Upto 512 GB,15.9 cm (6.26 inch) HD+ Display,12MP + 2MP | 8MP Front Camera,4000 mAh Battery,Qualcomm Snapdragon 632 Processor,"Rs.9,290"
,,,,,,,,
"Mi 4i (White, 16 GB)",4.2,"79,067  ",2 GB RAM | 16 GB ROM,12.7 cm (5 inch) Full HD Display,13MP Rear Camera | 5MP Front Camera,3030 mAh Li-ion Polymer Battery,2nd-gen Snapdragon 615 64-bit octa-core Processor,"Rs.7,990"
,,,,,,,,
"Mi A1 (Gold, 64 GB)",4.4,"4,67,119  ",4 GB RAM | 64 GB ROM | Expandable Upto 128 GB,13.97 cm (5.5 inch) Full HD Display,12MP + 12MP | 5MP Front Camera,3080 mAh Li-polymer Battery,Qualcomm Snapdragon 625 64 bit Octa Core 2GHz Processor,"Rs.14,999"
,,,,,,,,
"Redmi 8A Dual (Sky White, 32 GB)",4.3,325  ,2 GB RAM | 32 GB ROM | Expandable Upto 512 GB,15.8 cm (6.22 inch) Full HD+ Display,13MP + 2MP | 8MP Dual Front Camera,5000 mAh Battery,Snapdragon 439 octa core processor Processor,"Rs.6,499"
,,,,,,,,
"Redmi 6 (Black, 32 GB)",4.4,"5,44,019  ",3 GB RAM | 32 GB ROM | Expandable Upto 256 GB,13.84 cm (5.45 inch) HD+ Display,12MP + 5MP | 5MP Front Camera,3000 mAh Lithium-polymer Battery,2.0 GHz Mediatek P22 Octacore Processor,"Rs.7,999"
,,,,,,,,
"Redmi Note 5 Pro (Blue, 64 GB)",4.5,"11,57,300  ",4 GB RAM | 64 GB ROM | Expandable Upto 128 GB,15.21 cm (5.99 inch) Full HD+ Display,12MP + 5MP | 20MP Front Camera,4000 mAh Li Polymer Battery,Qualcomm Snapdragon 636 Processor,"Rs.11,501"
,,,,,,,,
"Redmi 6 (Gold, 32 GB)",4.4,"5,44,019  ",3 GB RAM | 32 GB ROM | Expandable Upto 256 GB,13.84 cm (5.45 inch) HD+ Display,12MP + 5MP | 5MP Front Camera,3000 mAh Lithium-polymer Battery,2.0 GHz Mediatek P22 Octacore Processor,"Rs.7,999"
,,,,,,,,
"Redmi 6 (Blue, 32 GB)",4.4,"5,44,019  ",3 GB RAM | 32 GB ROM | Expandable Upto 256 GB,13.84 cm (5.45 inch) HD+ Display,12MP + 5MP | 5MP Front Camera,3000 mAh Lithium-polymer Battery,2.0 GHz Mediatek P22 Octacore Processor,"Rs.7,999"
,,,,,,,,
"Mi A2 (Black, 128 GB)",4.1,"2,496  ",6 GB RAM | 128 GB ROM,15.21 cm (5.99 inch) Full HD+ Display,20MP + 12MP | 20MP Front Camera,3010 mAh Battery,Qualcomm Snapdragon 660 AIE Processor,"Rs.13,999"
,,,,,,,,
"Redmi 3S (Gold, 16 GB)",4.3,"2,11,788  ",2 GB RAM | 16 GB ROM | Expandable Upto 128 GB,12.7 cm (5 inch) HD Display,13MP Rear Camera | 5MP Front Camera,4100 mAh Li-Ion Polymer Battery,Qualcomm Snapdragon 430 64-bit Octa Core 1.4GHz Processor,"Rs.6,999"
,,,,,,,,
"Redmi 6A (Black, 16 GB)",4.3,"51,405  ",2 GB RAM | 16 GB ROM | Expandable Upto 128 GB,13.84 cm (5.45 inch) Display,13MP Rear Camera | 5MP Front Camera,3000 mAh Battery,1 Year Manufacturer Warranty,"Rs.5,590"
,,,,,,,,
"Redmi 5A (Grey, 16 GB)",4.5,"12,20,536  ",2 GB RAM | 16 GB ROM | Expandable Upto 128 GB,12.7 cm (5 inch) HD Display,13MP Rear Camera | 5MP Front Camera,3000 mAh Li-polymer Battery,Qualcomm Snapdragon 425 Processor,"Rs.6,499"
,,,,,,,,
"Redmi 5A (Rose Gold, 32 GB)",4.4,"5,98,921  ",3 GB RAM | 32 GB ROM | Expandable Upto 128 GB,12.7 cm (5 inch) HD Display,13MP Rear Camera | 5MP Front Camera,3000 mAh Li-polymer Battery,Qualcomm Snapdragon 425 Processor,"Rs.6,999"
,,,,,,,,
"Redmi 5A (Gold, 32 GB)",4.4,"5,98,921  ",3 GB RAM | 32 GB ROM | Expandable Upto 128 GB,12.7 cm (5 inch) HD Display,13MP Rear Camera | 5MP Front Camera,3000 mAh Li-polymer Battery,Qualcomm Snapdragon 425 Processor,"Rs.6,999"
,,,,,,,,
"Redmi 5A (Grey, 32 GB)",4.4,"5,98,921  ",3 GB RAM | 32 GB ROM | Expandable Upto 128 GB,12.7 cm (5 inch) HD Display,13MP Rear Camera | 5MP Front Camera,3000 mAh Li-polymer Battery,Qualcomm Snapdragon 425 Processor,"Rs.6,999"
,,,,,,,,
"Redmi 5A (Rose Gold, 16 GB)",4.5,"12,20,536  ",2 GB RAM | 16 GB ROM | Expandable Upto 128 GB,12.7 cm (5 inch) HD Display,13MP Rear Camera | 5MP Front Camera,3000 mAh Li-polymer Battery,Qualcomm Snapdragon 425 Processor,"Rs.5,999"
,,,,,,,,
"Redmi 5A (Gold, 16 GB)",4.5,"12,20,536  ",2 GB RAM | 16 GB ROM | Expandable Upto 128 GB,12.7 cm (5 inch) HD Display,13MP Rear Camera | 5MP Front Camera,3000 mAh Li-polymer Battery,Qualcomm Snapdragon 425 Processor,"Rs.5,999"
,,,,,,,,
"Redmi 4 (Black, 16 GB)",4.2,154  ,2 GB RAM | 16 GB ROM | Expandable Upto 128 GB,12.7 cm (5 inch) HD Display,13MP Rear Camera | 5MP Front Camera,4100 mAh Battery,Snapdragon 435 Processor,"Rs.7,499"
,,,,,,,,
"Redmi 4 (Gold, 16 GB)",4.2,154  ,2 GB RAM | 16 GB ROM | Expandable Upto 128 GB,12.7 cm (5 inch) HD Display,13MP Rear Camera | 5MP Front Camera,4100 mAh Battery,Snapdragon 435 Processor,"Rs.7,499"
